{
  "blind_spot_pct": 1.5020697811945594,
  "coverage_detection_plus_pct": 98.49793021880544,
  "coverage_identification_pct": 24.210526315789473,
  "coverage_observation_plus_pct": 95.67120047309284,
  "coverage_recognition_plus_pct": 73.02188054405677,
  "objective_value": 24638.000000000182,
  "open_cell_count": 8455,
  "phase_name": "optimization",
  "selected_camera_count": 20,
  "solved_k": 20,
  "solver_name": "HiGHS",
  "solver_status": "Optimal",
  "total_dori_score": 24638.0
}
