{
  "blind_spot_pct": 23.630987581312834,
  "coverage_detection_plus_pct": 76.36901241868716,
  "coverage_identification_pct": 16.439976345357778,
  "coverage_observation_plus_pct": 65.204021289178,
  "coverage_recognition_plus_pct": 50.32525133057362,
  "dori_score_histogram": {
    "0": 1998,
    "1": 944,
    "2": 1258,
    "3": 2865,
    "4": 1390
  },
  "grid_shape": [
    90,
    210
  ],
  "open_cell_count": 8455,
  "phase_name": "visualization",
  "selected_camera_count": 13,
  "solved_k": 13,
  "solver_name": "HiGHS",
  "solver_status": "Optimal",
  "total_dori_score": 17615.0
}
