{
  "blind_spot_pct": 14.19278533412182,
  "coverage_detection_plus_pct": 85.80721466587818,
  "coverage_identification_pct": 18.971023063276167,
  "coverage_observation_plus_pct": 74.64222353636902,
  "coverage_recognition_plus_pct": 58.1785925487877,
  "dori_score_histogram": {
    "0": 1200,
    "1": 944,
    "2": 1392,
    "3": 3315,
    "4": 1604
  },
  "grid_shape": [
    90,
    210
  ],
  "open_cell_count": 8455,
  "phase_name": "visualization",
  "selected_camera_count": 15,
  "solved_k": 15,
  "solver_name": "HiGHS",
  "solver_status": "Optimal",
  "total_dori_score": 20089.0
}
