{
  "blind_spot_pct": 28.350088704908337,
  "coverage_detection_plus_pct": 71.64991129509166,
  "coverage_identification_pct": 15.174452986398581,
  "coverage_observation_plus_pct": 60.484920165582494,
  "coverage_recognition_plus_pct": 46.39858072146659,
  "dori_score_histogram": {
    "0": 2397,
    "1": 944,
    "2": 1191,
    "3": 2640,
    "4": 1283
  },
  "grid_shape": [
    90,
    210
  ],
  "open_cell_count": 8455,
  "phase_name": "visualization",
  "selected_camera_count": 12,
  "solved_k": 12,
  "solver_name": "HiGHS",
  "solver_status": "Optimal",
  "total_dori_score": 16378.0
}
