{
  "blind_spot_pct": 37.78829095209935,
  "coverage_detection_plus_pct": 62.21170904790065,
  "coverage_identification_pct": 12.64340626848019,
  "coverage_observation_plus_pct": 51.04671791839149,
  "coverage_recognition_plus_pct": 38.54523950325251,
  "dori_score_histogram": {
    "0": 3195,
    "1": 944,
    "2": 1057,
    "3": 2190,
    "4": 1069
  },
  "grid_shape": [
    90,
    210
  ],
  "open_cell_count": 8455,
  "phase_name": "visualization",
  "selected_camera_count": 10,
  "solved_k": 10,
  "solver_name": "HiGHS",
  "solver_status": "Optimal",
  "total_dori_score": 13904.0
}
