{
  "blind_spot_pct": 14.08233479653577,
  "coverage_detection_plus_pct": 85.91766520346422,
  "coverage_identification_pct": 19.029540870803178,
  "coverage_observation_plus_pct": 74.81314509431724,
  "coverage_recognition_plus_pct": 58.358049590698776,
  "dori_score_histogram": {
    "0": 1187,
    "1": 936,
    "2": 1387,
    "3": 3315,
    "4": 1604
  },
  "grid_shape": [
    90,
    210
  ],
  "open_cell_count": 8429,
  "phase_name": "visualization",
  "selected_camera_count": 15,
  "solved_k": 15,
  "solver_name": "PULP_CBC_CMD",
  "solver_status": "Optimal",
  "total_dori_score": 20071.0
}
