{
  "blind_spot_pct": 3.9030159668835007,
  "coverage_detection_plus_pct": 96.0969840331165,
  "coverage_identification_pct": 20.756948551153165,
  "coverage_observation_plus_pct": 84.93199290360734,
  "coverage_recognition_plus_pct": 64.67179183914843,
  "dori_score_histogram": {
    "0": 330,
    "1": 944,
    "2": 1713,
    "3": 3713,
    "4": 1755
  },
  "grid_shape": [
    90,
    210
  ],
  "open_cell_count": 8455,
  "phase_name": "visualization",
  "selected_camera_count": 17,
  "solved_k": 17,
  "solver_name": "HiGHS",
  "solver_status": "Optimal",
  "total_dori_score": 22529.0
}
