{
  "blind_spot_pct": 9.473684210526315,
  "coverage_detection_plus_pct": 90.52631578947368,
  "coverage_identification_pct": 20.236546422235364,
  "coverage_observation_plus_pct": 79.36132465996452,
  "coverage_recognition_plus_pct": 62.10526315789474,
  "dori_score_histogram": {
    "0": 801,
    "1": 944,
    "2": 1459,
    "3": 3540,
    "4": 1711
  },
  "grid_shape": [
    90,
    210
  ],
  "open_cell_count": 8455,
  "phase_name": "visualization",
  "selected_camera_count": 16,
  "solved_k": 16,
  "solver_name": "HiGHS",
  "solver_status": "Optimal",
  "total_dori_score": 21326.0
}
