{
  "blind_spot_pct": 17.843308759215294,
  "coverage_detection_plus_pct": 82.15669124078471,
  "coverage_identification_pct": 14.619517680869674,
  "coverage_observation_plus_pct": 69.03661127077346,
  "coverage_recognition_plus_pct": 45.882793952267896,
  "dori_score_histogram": {
    "0": 1428,
    "1": 1050,
    "2": 1853,
    "3": 2502,
    "4": 1170
  },
  "grid_shape": [
    90,
    210
  ],
  "open_cell_count": 8003,
  "phase_name": "visualization",
  "selected_camera_count": 11,
  "solved_k": 11,
  "solver_name": "HiGHS",
  "solver_status": "Optimal",
  "total_dori_score": 16942.0
}
