{
  "blind_spot_pct": 17.530925902786453,
  "coverage_detection_plus_pct": 82.46907409721355,
  "coverage_identification_pct": 14.681994252155441,
  "coverage_observation_plus_pct": 69.27402224165938,
  "coverage_recognition_plus_pct": 46.120204923153814,
  "dori_score_histogram": {
    "0": 1403,
    "1": 1056,
    "2": 1853,
    "3": 2516,
    "4": 1175
  },
  "grid_shape": [
    90,
    210
  ],
  "open_cell_count": 8003,
  "phase_name": "visualization",
  "selected_camera_count": 11,
  "solved_k": 11,
  "solver_name": "PULP_CBC_CMD",
  "solver_status": "Optimal",
  "total_dori_score": 17010.0
}
