{
  "blind_spot_pct": 0.26579678627522046,
  "coverage_detection_plus_pct": 99.73420321372478,
  "coverage_identification_pct": 28.64564455720672,
  "coverage_observation_plus_pct": 99.60130482058717,
  "coverage_recognition_plus_pct": 81.1646731907696,
  "objective_value": 25588.000000000007,
  "open_cell_count": 8277,
  "phase_name": "optimization",
  "selected_camera_count": 23,
  "solved_k": 23,
  "solver_name": "HiGHS",
  "solver_status": "Optimal",
  "total_dori_score": 25588.0
}
