{
  "blind_spot_pct": 0.25371511417180137,
  "coverage_detection_plus_pct": 99.7462848858282,
  "coverage_identification_pct": 29.938383472272562,
  "coverage_observation_plus_pct": 99.6133864926906,
  "coverage_recognition_plus_pct": 83.39978252990214,
  "objective_value": 25881.999999999753,
  "open_cell_count": 8277,
  "phase_name": "optimization",
  "selected_camera_count": 24,
  "solved_k": 24,
  "solver_name": "HiGHS",
  "solver_status": "Optimal",
  "total_dori_score": 25882.0
}
