{
  "blind_spot_pct": 1.824332487616286,
  "coverage_detection_plus_pct": 98.17566751238371,
  "coverage_identification_pct": 20.079739035882564,
  "coverage_observation_plus_pct": 91.5911562160203,
  "coverage_recognition_plus_pct": 63.042165035640934,
  "dori_score_histogram": {
    "0": 151,
    "1": 545,
    "2": 2363,
    "3": 3556,
    "4": 1662
  },
  "grid_shape": [
    90,
    210
  ],
  "open_cell_count": 8277,
  "phase_name": "visualization",
  "selected_camera_count": 16,
  "solved_k": 16,
  "solver_name": "HiGHS",
  "solver_status": "Optimal",
  "total_dori_score": 22587.0
}
