{
  "blind_spot_pct": 0.7490636704119851,
  "coverage_detection_plus_pct": 99.25093632958801,
  "coverage_identification_pct": 23.716322339011718,
  "coverage_observation_plus_pct": 97.95819741452217,
  "coverage_recognition_plus_pct": 71.13688534493174,
  "dori_score_histogram": {
    "0": 62,
    "1": 107,
    "2": 2220,
    "3": 3925,
    "4": 1963
  },
  "grid_shape": [
    90,
    210
  ],
  "open_cell_count": 8277,
  "phase_name": "visualization",
  "selected_camera_count": 19,
  "solved_k": 19,
  "solver_name": "HiGHS",
  "solver_status": "Optimal",
  "total_dori_score": 24174.0
}
