{
  "blind_spot_pct": 14.676556420233464,
  "coverage_detection_plus_pct": 85.32344357976653,
  "coverage_identification_pct": 18.214980544747082,
  "coverage_observation_plus_pct": 77.35894941634241,
  "coverage_recognition_plus_pct": 58.2806420233463,
  "objective_value": 19669.99999999998,
  "open_cell_count": 8224,
  "phase_name": "optimization",
  "selected_camera_count": 14,
  "solved_k": 14,
  "solver_name": "HiGHS",
  "solver_status": "Optimal",
  "total_dori_score": 19670.0
}
