{
  "blind_spot_pct": 19.22422178988327,
  "coverage_detection_plus_pct": 80.77577821011673,
  "coverage_identification_pct": 16.913910505836576,
  "coverage_observation_plus_pct": 72.8112840466926,
  "coverage_recognition_plus_pct": 54.45038910505836,
  "objective_value": 18499.99999999996,
  "open_cell_count": 8224,
  "phase_name": "optimization",
  "selected_camera_count": 13,
  "solved_k": 13,
  "solver_name": "HiGHS",
  "solver_status": "Optimal",
  "total_dori_score": 18500.0
}
