{
  "blind_spot_pct": 0.3404669260700389,
  "coverage_detection_plus_pct": 99.65953307392996,
  "coverage_identification_pct": 30.69066147859922,
  "coverage_observation_plus_pct": 99.61089494163424,
  "coverage_recognition_plus_pct": 85.42071984435798,
  "objective_value": 25936.999999999964,
  "open_cell_count": 8224,
  "phase_name": "optimization",
  "selected_camera_count": 25,
  "solved_k": 25,
  "solver_name": "HiGHS",
  "solver_status": "Optimal",
  "total_dori_score": 25937.0
}
