{
  "blind_spot_pct": 1.3983463035019454,
  "coverage_detection_plus_pct": 98.60165369649805,
  "coverage_identification_pct": 23.917801556420233,
  "coverage_observation_plus_pct": 94.55252918287938,
  "coverage_recognition_plus_pct": 70.58608949416342,
  "dori_score_histogram": {
    "0": 115,
    "1": 333,
    "2": 1971,
    "3": 3838,
    "4": 1967
  },
  "grid_shape": [
    90,
    210
  ],
  "open_cell_count": 8224,
  "phase_name": "visualization",
  "selected_camera_count": 19,
  "solved_k": 19,
  "solver_name": "HiGHS",
  "solver_status": "Optimal",
  "total_dori_score": 23657.0
}
