{
  "blind_spot_pct": 4.778696498054475,
  "coverage_detection_plus_pct": 95.22130350194553,
  "coverage_identification_pct": 20.586089494163424,
  "coverage_observation_plus_pct": 83.3171206225681,
  "coverage_recognition_plus_pct": 63.436284046692606,
  "dori_score_histogram": {
    "0": 393,
    "1": 979,
    "2": 1635,
    "3": 3524,
    "4": 1693
  },
  "grid_shape": [
    90,
    210
  ],
  "open_cell_count": 8224,
  "phase_name": "visualization",
  "selected_camera_count": 16,
  "solved_k": 16,
  "solver_name": "HiGHS",
  "solver_status": "Optimal",
  "total_dori_score": 21593.0
}
