{
  "blind_spot_pct": 28.78898635477583,
  "coverage_detection_plus_pct": 71.21101364522417,
  "coverage_identification_pct": 14.339668615984406,
  "coverage_observation_plus_pct": 63.23099415204678,
  "coverage_recognition_plus_pct": 46.466861598440545,
  "dori_score_histogram": {
    "0": 2363,
    "1": 655,
    "2": 1376,
    "3": 2637,
    "4": 1177
  },
  "grid_shape": [
    90,
    210
  ],
  "open_cell_count": 8208,
  "phase_name": "visualization",
  "selected_camera_count": 11,
  "solved_k": 11,
  "solver_name": "PULP_CBC_CMD",
  "solver_status": "Optimal",
  "total_dori_score": 16026.0
}
