{
  "blind_spot_pct": 33.77918287937743,
  "coverage_detection_plus_pct": 66.22081712062257,
  "coverage_identification_pct": 13.01070038910506,
  "coverage_observation_plus_pct": 58.25632295719844,
  "coverage_recognition_plus_pct": 42.33949416342413,
  "dori_score_histogram": {
    "0": 2778,
    "1": 655,
    "2": 1309,
    "3": 2412,
    "4": 1070
  },
  "grid_shape": [
    90,
    210
  ],
  "open_cell_count": 8224,
  "phase_name": "visualization",
  "selected_camera_count": 10,
  "solved_k": 10,
  "solver_name": "HiGHS",
  "solver_status": "Optimal",
  "total_dori_score": 14789.0
}
