{
  "blind_spot_pct": 19.22422178988327,
  "coverage_detection_plus_pct": 80.77577821011673,
  "coverage_identification_pct": 16.913910505836576,
  "coverage_observation_plus_pct": 72.8112840466926,
  "coverage_recognition_plus_pct": 54.45038910505836,
  "dori_score_histogram": {
    "0": 1581,
    "1": 655,
    "2": 1510,
    "3": 3087,
    "4": 1391
  },
  "grid_shape": [
    90,
    210
  ],
  "open_cell_count": 8224,
  "phase_name": "visualization",
  "selected_camera_count": 13,
  "solved_k": 13,
  "solver_name": "HiGHS",
  "solver_status": "Optimal",
  "total_dori_score": 18500.0
}
