{
  "blind_spot_pct": 28.92752918287938,
  "coverage_detection_plus_pct": 71.07247081712062,
  "coverage_identification_pct": 14.311770428015564,
  "coverage_observation_plus_pct": 63.1079766536965,
  "coverage_recognition_plus_pct": 46.37645914396887,
  "dori_score_histogram": {
    "0": 2379,
    "1": 655,
    "2": 1376,
    "3": 2637,
    "4": 1177
  },
  "grid_shape": [
    90,
    210
  ],
  "open_cell_count": 8224,
  "phase_name": "visualization",
  "selected_camera_count": 11,
  "solved_k": 11,
  "solver_name": "HiGHS",
  "solver_status": "Optimal",
  "total_dori_score": 16026.0
}
