{
  "blind_spot_pct": 1.3983463035019454,
  "coverage_detection_plus_pct": 98.60165369649805,
  "coverage_identification_pct": 25.21887159533074,
  "coverage_observation_plus_pct": 96.98443579766537,
  "coverage_recognition_plus_pct": 73.73540856031128,
  "dori_score_histogram": {
    "0": 115,
    "1": 133,
    "2": 1912,
    "3": 3990,
    "4": 2074
  },
  "grid_shape": [
    90,
    210
  ],
  "open_cell_count": 8224,
  "phase_name": "visualization",
  "selected_camera_count": 20,
  "solved_k": 20,
  "solver_name": "HiGHS",
  "solver_status": "Optimal",
  "total_dori_score": 24223.0
}
