{
  "blind_spot_pct": 14.510233918128655,
  "coverage_detection_plus_pct": 85.48976608187135,
  "coverage_identification_pct": 18.250487329434698,
  "coverage_observation_plus_pct": 77.50974658869396,
  "coverage_recognition_plus_pct": 58.39424951267056,
  "dori_score_histogram": {
    "0": 1191,
    "1": 655,
    "2": 1569,
    "3": 3295,
    "4": 1498
  },
  "grid_shape": [
    90,
    210
  ],
  "open_cell_count": 8208,
  "phase_name": "visualization",
  "selected_camera_count": 14,
  "solved_k": 14,
  "solver_name": "PULP_CBC_CMD",
  "solver_status": "Optimal",
  "total_dori_score": 19670.0
}
